<?xml version="1.0" encoding="UTF-8" standalone="yes"?>
<addon id="adritecnews.repo.kodi" name="[COLOR dodgerblue][B]Adritec[/B][COLOR red][B]News[/B] [COLOR gold][B]ON[/B][/COLOR]" version="1.0" provider-name="[COLOR dodgerblue][B]Adritec[/B][COLOR red][B]News[/B] [COLOR gold][B]ON[/B][/COLOR]">
  <requires>
    <import addon="xbmc.python" version="2.1.0"/>
    <import addon="script.module.beautifulsoup" version="3.2.1"/>
    <import addon="script.module.simple.downloader" version="0.9.4"/>
    <import addon="script.module.t0mm0.common" version="2.0.0"/>
    <import addon="script.module.beautifulsoup4" />
    <import addon="script.module.requests" />
    <import addon="script.module.httplib2" />
    <import addon="script.module.simple.downloader" version="0.9.4"/>
    <import addon="plugin.video.youtube" version="5.2.1" />
    <import addon="script.module.urlresolver" />
    <import addon="script.module.simplejson" />    
    <import addon="script.module.livestreamer"/>
    <import addon="script.module.pyamf"/>
    <import addon="script.common.plugin.cache" version="2.5.2"/>
    <import addon="script.module.metahandler" version="2.5.1"/>
	<import addon="script.module.addon.common" />
	<import addon="script.module.addon.signals" version="0.0.1"/>
	<import addon="script.module.youtube.dl"/>	
  </requires>
  <extension point="xbmc.python.pluginsource" library="default.py">
  <provides>video</provides>
  </extension>
    <extension point="xbmc.addon.metadata">
	<summary lang="en">adritecNews ON</summary>
    <summary>[COLOR white]Bem vindo ao Instalador de addons, uma nova forma para agilizar uma instalação de addons providas da Internet. É apenas um AGREGADOR de addons providos da Internet.[/COLOR]</summary>	
	<description lang="en">[COLOR white][B]*CANAL: [B][COLOR dodgerblue]Pesquize no [COLOR white][/B][COLOR red][B]YouTube [/B][/COLOR] [B]por: [/B][COLOR dodgerblue][B]Adritec[/B][/COLOR][COLOR red][B] News[/B][/COLOR][COLOR white][B] *DOAÇÕES: [/B][/COLOR][COLOR gold][B]https://apoia.se/adritecnews[/B][/COLOR]</description>  
	<description lang="en">[COLOR dodgerblue][B]Adritec[/COLOR][COLOR red]News[/COLOR][COLOR gold] ON [/COLOR][/B][B]É é apenas um AGREGADOR de addons, e assim como o Google.com, apenas agrega e organiza os links externos e outros. Não somos responsáveis pelos arquivos aqui encontrados.[/B][/COLOR]</description>
    <disclaimer lang="en">[COLOR yellow][B]ATENÇÃO: "PROIBIDA COPIA E INFORMAÇÕES CONTIDOS NESSE SCRIPT SEM MINHA ALTORIZAÇÃO"[/B][/COLOR]</disclaimer>
   	<platform>all</platform>
	<assets>
	<icon>icon.png</icon>
    <fanart>fanart.jpg</fanart>
    <screenshot>resources/skins/adr1.png</screenshot>
    <screenshot>resources/skins/adr2.png</screenshot>
    <screenshot>resources/skins/adr3.png</screenshot>
	</assets>
	</extension>
  <extension point="xbmc.addon.repository" name="adritecNews Repository">
	<info compressed="false">http://raw.github.com/adritec/adritecrepo/master/addons.xml</info>
	<checksum>http://raw.github.com/adritec/adritecrepo/master/addons.xml.md5</checksum>
	<datadir zip="true">http://raw.github.com/adritec/adritecrepo/master/repo/</datadir>
  </extension>	
</addon>