<?xml version="1.0" encoding="UTF-8" standalone="yes"?>
<addon id="plugin.program.LinekodiWizard" name="Linekodi Wizard" version="1.0.1" provider-name="Linekodi Wizard">
  <requires>
    <import addon="xbmc.python" version="2.1.0"/>
  </requires>
  <extension point="xbmc.python.pluginsource" library="default.py">
        <provides>program executable</provides>
  </extension>
  <extension point="xbmc.addon.metadata">
		<summary lang="en">Linekodi Wizard</summary>
		<description lang="en">Builds desenvolvidas por Linekodi</description>
		<disclaimer lang="en">Youtube.com/Linekodi</disclaimer>
		<platform>all</platform>
		<facebook>https://www.facebook.com/Linekodi</facebook>
		<website>http://linekodi.blogspot.com</website>
	</extension>
</addon>
